{"cameraMode":{"drawMode":0,"name":"Shaded","section":"Shading Mode"},"sceneLighting":false,"audioPlay":false,"sceneViewState":{"m_AlwaysRefresh":false,"showFog":true,"showSkybox":false,"showFlares":true,"showImageEffects":true,"showParticleSystems":true,"showVisualEffectGraphs":true,"m_FxEnabled":true},"in2DMode":false,"pivot":{"x":-0.029963240027427675,"y":0.7832274436950684,"z":0.04267698526382446},"rotation":{"x":-0.2174694836139679,"y":-0.547447919845581,"z":0.1499260812997818,"w":-0.7940752506256104},"size":1.1761517524719239,"orthographic":false}