{"cameraMode":{"drawMode":0,"name":"Shaded","section":"Shading Mode"},"sceneLighting":false,"audioPlay":false,"sceneViewState":{"m_AlwaysRefresh":false,"showFog":true,"showSkybox":false,"showFlares":true,"showImageEffects":true,"showParticleSystems":true,"showVisualEffectGraphs":true,"m_FxEnabled":true},"in2DMode":false,"pivot":{"x":-0.029105663299560548,"y":0.8236073851585388,"z":0.005917549133300781},"rotation":{"x":-0.2174694836139679,"y":-0.547447919845581,"z":0.1499260812997818,"w":-0.7940752506256104},"size":1.123769760131836,"orthographic":false}